name,kategori,harga,toko,alamat,kontak,gambar
Full Face Mask AmScuD Adult Reef Vision,Mask,997500,Ocean King Dive Shop,"Jl. Bypass Ngurah Rai No.19, Sidakarya, Denpasar Selatan, Kota Denpasar, Bali 80224",0878-6105-0111,https://www.okdiveshop.com/image/cache/catalog/BANNER/AMSCUD%20FULL%20FACE%20MASK/REEFVISION1-TOSCA-550x550.jpg
Mask Cressi Focus,Mask,799000,Ocean King Dive Shop,"Jl. Bypass Ngurah Rai No.19, Sidakarya, Denpasar Selatan, Kota Denpasar, Bali 80225",0878-6105-0111,https://www.okdiveshop.com/image/cache/catalog/CRESSI/MASK/MASK_CRESSI_FOCUS_BLACK-550x550.jpg
Mask Cressi F-Dual,Mask,1099000,Ocean King Dive Shop,"Jl. Bypass Ngurah Rai No.19, Sidakarya, Denpasar Selatan, Kota Denpasar, Bali 80226",0878-6105-0111,https://www.okdiveshop.com/image/cache/catalog/CRESSI/CRESSI_MASK_F-DUAL_BLACK_RED_01-550x550.jpg
Mask Gull Mantis 5,Mask,2650000,Ocean King Dive Shop,"Jl. Bypass Ngurah Rai No.19, Sidakarya, Denpasar Selatan, Kota Denpasar, Bali 80227",0878-6105-0111,https://www.okdiveshop.com/image/cache/catalog/GULL/MASK/MANTIS%205/Mantis5_B_SOrange-1240x1240-550x550.png
Mask Gull Vader,Mask,2750000,Ocean King Dive Shop,"Jl. Bypass Ngurah Rai No.19, Sidakarya, Denpasar Selatan, Kota Denpasar, Bali 80228",0878-6105-0111,https://www.okdiveshop.com/image/cache/catalog/GULL/MASK/VADER/Vader_M_GlassWhite_BS-1240x1240-550x550.png
Fin Cressi Pro Start - Black,Fin,1200000,Ocean King Dive Shop,"Jl. Bypass Ngurah Rai No.19, Sidakarya, Denpasar Selatan, Kota Denpasar, Bali 80229",0878-6105-0111,https://www.okdiveshop.com/image/cache/catalog/FINS/CRESSI/FIN_CRESSI_PRO_STAR_BLACK-550x550.jpg
Fin Cressi Gara Modular Sprint,Fin,2099000,Ocean King Dive Shop,"Jl. Bypass Ngurah Rai No.19, Sidakarya, Denpasar Selatan, Kota Denpasar, Bali 80230",0878-6105-0111,https://www.okdiveshop.com/image/cache/catalog/FINS/CRESSI/FIN_CRESSI_MODULAR_SPRINT_01-550x550.jpg
Regulator Cressi MC9 XS Compact Pro,Regulator,5999000,Ocean King Dive Shop,"Jl. Bypass Ngurah Rai No.19, Sidakarya, Denpasar Selatan, Kota Denpasar, Bali 80231",0878-6105-0111,https://www.okdiveshop.com/image/cache/catalog/REGULATOR%20SET/CRESSI/REGULATOR_CRESSI_MC9_PRO_06%20(1)-550x550.jpg
Regulator AmScuD ZX10 Lite,Regulator,5596000,Ocean King Dive Shop,"Jl. Bypass Ngurah Rai No.19, Sidakarya, Denpasar Selatan, Kota Denpasar, Bali 80232",0878-6105-0111,https://www.okdiveshop.com/image/cache/catalog/REGULATOR%20SET/AMSCUD/AMSCUD%20REG%20ZX10%20LITE%20NEW-550x550.jpg
Regulator Mares Prestige 15X,Regulator,5160000,Ocean King Dive Shop,"Jl. Bypass Ngurah Rai No.19, Sidakarya, Denpasar Selatan, Kota Denpasar, Bali 80233",0878-6105-0111,https://www.okdiveshop.com/image/cache/catalog/REGULATOR%20SET/MARES/416234%20PRESTIGE-550x550.jpg
Wetsuit AmScuD Active 3mm,Wetsuit,1237500,Ocean King Dive Shop,"Jl. Bypass Ngurah Rai No.19, Sidakarya, Denpasar Selatan, Kota Denpasar, Bali 80234",0878-6105-0111,https://www.okdiveshop.com/image/cache/catalog/NEOPRENE/AMSCUD/WETSUIT/ACTIVE/WETSUIT_AMSCUD_ACTIVE_01-550x550.jpg
Wetsuit AmScuD Passion 2mm,Wetsuit,2025000,Ocean King Dive Shop,"Jl. Bypass Ngurah Rai No.19, Sidakarya, Denpasar Selatan, Kota Denpasar, Bali 80235",0878-6105-0111,https://www.okdiveshop.com/image/cache/catalog/NEOPRENE/AMSCUD/WETSUIT/AMSCUD%20PASSION%20REVERSIBLE%20NEW-550x550.jpg
Wetsuit AmScuD Marlin Reversible 3mm,Wetsuit,2362500,Ocean King Dive Shop,"Jl. Bypass Ngurah Rai No.19, Sidakarya, Denpasar Selatan, Kota Denpasar, Bali 80236",0878-6105-0111,https://www.okdiveshop.com/image/cache/catalog/NEOPRENE/AMSCUD/WETSUIT/AMSCUD%20MARLIN%20REVERSIBLE%20BL%20NEW3-550x550.jpg
Wetsuit Cressi Maya 2.5mm,Wetsuit,2285000,Ocean King Dive Shop,"Jl. Bypass Ngurah Rai No.19, Sidakarya, Denpasar Selatan, Kota Denpasar, Bali 80237",0878-6105-0111,https://www.okdiveshop.com/image/cache/catalog/CRESSI/WETSUIT_MAYA_V2_SERONG_KANAN_02-550x550.jpg
Wetsuit Cressi Fast V3.0,Wetsuit,2428000,Ocean King Dive Shop,"Jl. Bypass Ngurah Rai No.19, Sidakarya, Denpasar Selatan, Kota Denpasar, Bali 80238",0878-6105-0111,https://www.okdiveshop.com/image/cache/catalog/CRESSI/WETSUIT_FAST_TERBARU_001-550x550.jpg
Glove AmScuD X-Stretch 3.5mm,Glove,374625,Ocean King Dive Shop,"Jl. Bypass Ngurah Rai No.19, Sidakarya, Denpasar Selatan, Kota Denpasar, Bali 80239",0878-6105-0111,https://www.okdiveshop.com/image/cache/catalog/NEOPRENE/AMSCUD/AMSCUD%20GLOVE%20X-STRETCH%201-550x550.jpg
Glove Mares Flexa Touch,Glove,640000,Ocean King Dive Shop,"Jl. Bypass Ngurah Rai No.19, Sidakarya, Denpasar Selatan, Kota Denpasar, Bali 80240",0878-6105-0111,https://www.okdiveshop.com/image/cache/catalog/NEOPRENE/MARES/76734520_978e01e2-f7f0-415c-9c3d-fde50991e575_500_500-550x550.jpg
Glove Mares Amara 2mm,Glove,640000,Ocean King Dive Shop,"Jl. Bypass Ngurah Rai No.19, Sidakarya, Denpasar Selatan, Kota Denpasar, Bali 80241",0878-6105-0111,https://www.okdiveshop.com/image/cache/catalog/NEOPRENE/MARES/amara1-550x550.jpg
Hood AmScuD X-Stretch,Hood,363750,Ocean King Dive Shop,"Jl. Bypass Ngurah Rai No.19, Sidakarya, Denpasar Selatan, Kota Denpasar, Bali 80242",0878-6105-0111,https://www.okdiveshop.com/image/cache/catalog/NEOPRENE/AMSCUD/AMSCUD%20HOOD%20X-STRETCH%201-550x550.jpg
Hood AmScuD X-Ghixel 3mm,Hood,390000,Ocean King Dive Shop,"Jl. Bypass Ngurah Rai No.19, Sidakarya, Denpasar Selatan, Kota Denpasar, Bali 80243",0878-6105-0111,https://www.okdiveshop.com/image/cache/catalog/NEOPRENE/AMSCUD/HOOD_AMSCUD_X-GHIXEL_02-550x550.jpg
Hood Mares Comfort 5.3mm,Hood,399600,Ocean King Dive Shop,"Jl. Bypass Ngurah Rai No.19, Sidakarya, Denpasar Selatan, Kota Denpasar, Bali 80244",0878-6105-0111,https://www.okdiveshop.com/image/cache/catalog/NEOPRENE/MARES/76734520_9ccc194d-dae4-4d0e-8ee0-6c2506ca792e_451_451-550x550.png
Camera Go Pro Hero 13 Black,Camera,7500000,Ocean King Dive Shop,"Jl. Bypass Ngurah Rai No.19, Sidakarya, Denpasar Selatan, Kota Denpasar, Bali 80245",0878-6105-0111,https://www.okdiveshop.com/image/cache/catalog/CAMERA%20ACC/HERO%2013/gopro-hero13-black-01-550x550h.jpg
Camera Akaso V50X - Action Camera,Camera,1524000,Ocean King Dive Shop,"Jl. Bypass Ngurah Rai No.19, Sidakarya, Denpasar Selatan, Kota Denpasar, Bali 80246",0878-6105-0111,https://www.okdiveshop.com/image/cache/catalog/ACCESSORIES/AKASO/86a6be95-eaa0-458c-98f0-785d5abd3772-550x550.jpg
Camera Insta 360 X4 - Action Camera,Camera,9250000,Ocean King Dive Shop,"Jl. Bypass Ngurah Rai No.19, Sidakarya, Denpasar Selatan, Kota Denpasar, Bali 80247",0878-6105-0111,https://www.okdiveshop.com/image/cache/catalog/CAMERA%20ACC/insta/X4-550x550w.png
AmScuD Tactical Neoprene Attachment,Others,449625,Ocean King Dive Shop,"Jl. Bypass Ngurah Rai No.19, Sidakarya, Denpasar Selatan, Kota Denpasar, Bali 80248",0878-6105-0111,https://www.okdiveshop.com/image/cache/catalog/NEOPRENE/AMSCUD/KOBOI-POCKET-550x550.jpg
Glove Beuchat Elaskin Nylon 2mm 212202 – 212204,Gloves,629606,Bali Dive Shop,"Jl. Bypass Ngurah Rai No.17A, Sidakarya, Denpasar Selatan, Kota Denpasar, Bali 80224",0878-5225-2294,https://www.balidiveshop.com/wp-content/uploads/2024/01/GLOVE-BEUCHAT-ELASKIN-BALIDIVESHOP.jpg
Glove Fourth Element Stretch CR Neoprene 3mm GL023,Gloves,1250000,Bali Dive Shop,"Jl. Bypass Ngurah Rai No.17A, Sidakarya, Denpasar Selatan, Kota Denpasar, Bali 80224",0878-5225-2294,https://www.balidiveshop.com/wp-content/uploads/2023/02/GLOVE-FOURTH-ELEMENT.jpg
Hood IST Pro Ear 5mm HD6,Hood,535000,Bali Dive Shop,"Jl. Bypass Ngurah Rai No.17A, Sidakarya, Denpasar Selatan, Kota Denpasar, Bali 80224",0878-5225-2294,https://www.balidiveshop.com/wp-content/uploads/2023/01/ear-Pro-Hood-2.jpg
Hood Vest Zeepro Stretch CR Neoprene 2mm,Hood,999000,Bali Dive Shop,"Jl. Bypass Ngurah Rai No.17A, Sidakarya, Denpasar Selatan, Kota Denpasar, Bali 80224",0878-5225-2294,https://www.balidiveshop.com/wp-content/uploads/2023/03/VEST-HOOD-ZEEPRO.jpg
Jacket Wetsuit Beuchat Atoll Seaweed Men 2mm 79415,Jacket,2600000,Bali Dive Shop,"Jl. Bypass Ngurah Rai No.17A, Sidakarya, Denpasar Selatan, Kota Denpasar, Bali 80224",0878-5225-2294,https://www.balidiveshop.com/wp-content/uploads/2024/08/atoll-zipped-jacket-2mm-seaweedman-balidiveshop-1-956x838.jpg
Jacket Wetsuit Beuchat Atoll Seaweed Women 2mm 79515,Jacket,2600000,Bali Dive Shop,"Jl. Bypass Ngurah Rai No.17A, Sidakarya, Denpasar Selatan, Kota Denpasar, Bali 80224",0878-5225-2294,https://www.balidiveshop.com/wp-content/uploads/2024/08/JACKET-BEUCHAT-ATOLL-2MM-SEAWEED-WOMEN-balidiveshop-1.jpg
Jacket Wetsuit Fourth Element Sipadan V2.0 Women 3mm SIPWJ02,Jacket,4250000,Bali Dive Shop,"Jl. Bypass Ngurah Rai No.17A, Sidakarya, Denpasar Selatan, Kota Denpasar, Bali 80224",0878-5225-2294,https://www.balidiveshop.com/wp-content/uploads/2023/02/jaket-sipadan-women-2-956x838.jpg
Long Pants Fourth Element Sipadan V2.0 Men 3mm SIPML02,Pants,3600000,Bali Dive Shop,"Jl. Bypass Ngurah Rai No.17A, Sidakarya, Denpasar Selatan, Kota Denpasar, Bali 80224",0878-5225-2294,https://www.balidiveshop.com/wp-content/uploads/2023/02/LONG-PANTS-MEN-1-956x838.jpg
Long Pants Fourth Element Sipadan V2.0 Women 3mm SIPWL02,Pants,3600000,Bali Dive Shop,"Jl. Bypass Ngurah Rai No.17A, Sidakarya, Denpasar Selatan, Kota Denpasar, Bali 80224",0878-5225-2294,https://www.balidiveshop.com/wp-content/uploads/2023/02/LONG-PANTS-MEN-1-956x838.jpg
Long Pants Fourth Element Thermocline Men 2mm TL2MLG,Pants,3499000,Bali Dive Shop,"Jl. Bypass Ngurah Rai No.17A, Sidakarya, Denpasar Selatan, Kota Denpasar, Bali 80224",0878-5225-2294,https://www.balidiveshop.com/wp-content/uploads/2023/02/LONG-PANTS-MEN-3-956x838.jpg
Long Pants Fourth Element Thermocline Women 2mm TL2WLG,Pants,3499000,Bali Dive Shop,"Jl. Bypass Ngurah Rai No.17A, Sidakarya, Denpasar Selatan, Kota Denpasar, Bali 80224",0878-5225-2294,https://www.balidiveshop.com/wp-content/uploads/2023/02/LONG-PANTS-MEN-3-956x838.jpg
Long Boot Mares Classic NG 5mm 412634,Boots,750000,Bali Dive Shop,"Jl. Bypass Ngurah Rai No.17A, Sidakarya, Denpasar Selatan, Kota Denpasar, Bali 80224",0878-5225-2294,https://www.balidiveshop.com/wp-content/uploads/2023/08/LONG-BOOT-MARES-CLASSIC-BALIDIVEHSOP-956x838.jpg
Long Boot Tusa Sport UA0105,Boots,660000,Bali Dive Shop,"Jl. Bypass Ngurah Rai No.17A, Sidakarya, Denpasar Selatan, Kota Denpasar, Bali 80224",0878-5225-2294,https://www.balidiveshop.com/wp-content/uploads/2023/12/LONG-BOOT-TUSA-SPORT-BALIDIVESHOP.jpg
Long Sock Repreve Spandex Recycle UPF50 Whale Shark Skin,Socks,315000,Bali Dive Shop,"Jl. Bypass Ngurah Rai No.17A, Sidakarya, Denpasar Selatan, Kota Denpasar, Bali 80224",0878-5225-2294,https://www.balidiveshop.com/wp-content/uploads/2023/06/LONG-SOCK-REPREVE.jpg
Short Boot Mares Equator 2mm 482263,Boots,450000,Bali Dive Shop,"Jl. Bypass Ngurah Rai No.17A, Sidakarya, Denpasar Selatan, Kota Denpasar, Bali 80224",0878-5225-2294,https://www.balidiveshop.com/wp-content/uploads/2023/08/SHORT-BOOT-MARES-EQUATOR-2MM-BALIDIVESHOP.jpg
BEUCHAT Mask Lynx,Mask,651500,Scuba Gear Indonesia,"Jl.Bypass Ngurah Rai No.664, Pedungan, South Denpasar, Bali (2nd Floor).",0813-5333-3387,https://scubagearindonesia.com/wp-content/uploads/2022/11/WhatsApp-Image-2024-06-19-at-17.46.58_4f068cfb-1300x1300.jpg
BEUCHAT Mask Maxlux S,Mask,1989000,Scuba Gear Indonesia,"Jl.Bypass Ngurah Rai No.664, Pedungan, South Denpasar, Bali (2nd Floor).",0813-5333-3387,https://scubagearindonesia.com/wp-content/uploads/2022/11/WhatsApp-Image-2024-06-20-at-13.49.03_85820b07.jpg
IST Long Fin Blitz,Fins,1275000,Scuba Gear Indonesia,"Jl.Bypass Ngurah Rai No.664, Pedungan, South Denpasar, Bali (2nd Floor).",0813-5333-3387,https://scubagearindonesia.com/wp-content/uploads/2022/09/WhatsApp-Image-2024-06-21-at-13.44.49_11671754-scaled.jpg
BEUCHAT Fin Open Heel Aquabionic,Fins,1779500,Scuba Gear Indonesia,"Jl.Bypass Ngurah Rai No.664, Pedungan, South Denpasar, Bali (2nd Floor).",0813-5333-3387,https://scubagearindonesia.com/wp-content/uploads/2024/07/WhatsApp-Image-2024-07-15-at-12.48.16_6cd60291-600x600.jpg
CRESSI Fin Pro Star,Fins,1195000,Scuba Gear Indonesia,"Jl.Bypass Ngurah Rai No.664, Pedungan, South Denpasar, Bali (2nd Floor).",0813-5333-3387,https://scubagearindonesia.com/wp-content/uploads/2022/09/WhatsApp-Image-2024-06-21-at-11.50.29_286cf9ca-600x600.jpg
LEADERFINS Long Fins Forza Epoxy Ice Fiber Glass,Fins,3270000,Scuba Gear Indonesia,"Jl.Bypass Ngurah Rai No.664, Pedungan, South Denpasar, Bali (2nd Floor).",0813-5333-3387,https://scubagearindonesia.com/wp-content/uploads/2024/09/WhatsApp-Image-2024-09-22-at-15.45.30_77b05837-600x600.jpg
PROBLUE Fin Full Foot Tiara 2,Fins,668000,Scuba Gear Indonesia,"Jl.Bypass Ngurah Rai No.664, Pedungan, South Denpasar, Bali (2nd Floor).",0813-5333-3387,https://scubagearindonesia.com/wp-content/uploads/2022/11/F-760-BK-R_problue_diving.jpg
BEUCHAT Dots Neoprene Gloves,Gloves,253000,Scuba Gear Indonesia,"Jl.Bypass Ngurah Rai No.664, Pedungan, South Denpasar, Bali (2nd Floor).",0813-5333-3387,https://scubagearindonesia.com/wp-content/uploads/2024/07/WhatsApp-Image-2024-07-02-at-15.40.12_375faf15-600x600.jpg
SCUBAPRO Tropic Dive Glove 1.5 mm,Gloves,900000,Scuba Gear Indonesia,"Jl.Bypass Ngurah Rai No.664, Pedungan, South Denpasar, Bali (2nd Floor).",0813-5333-3387,https://scubagearindonesia.com/wp-content/uploads/2022/09/1098162_primary-600x600.webp
IST Amara Leather Glove 2 mm,Gloves,150000,Scuba Gear Indonesia,"Jl.Bypass Ngurah Rai No.664, Pedungan, South Denpasar, Bali (2nd Floor).",0813-5333-3387,https://scubagearindonesia.com/wp-content/uploads/2022/09/S900-08-600x600.jpg
BEUCHAT Rocksea Pasific Jacket + Long John,Wetsuit,6636000,Scuba Gear Indonesia,"Jl.Bypass Ngurah Rai No.664, Pedungan, South Denpasar, Bali (2nd Floor).",0813-5333-3387,https://scubagearindonesia.com/wp-content/uploads/2022/11/rocksea-pacific-1-1-600x600.jpg
"CRESSI Wetsuit Endurance 5mm, Man",Wetsuit,2410000,Scuba Gear Indonesia,"Jl.Bypass Ngurah Rai No.664, Pedungan, South Denpasar, Bali (2nd Floor).",0813-5333-3387,https://scubagearindonesia.com/wp-content/uploads/2022/09/ur7s4sjxxzpkxjnfhhlv-600x600.webp
IST Long Rash Guard Dive Skin,Wetsuit,338000,Scuba Gear Indonesia,"Jl.Bypass Ngurah Rai No.664, Pedungan, South Denpasar, Bali (2nd Floor).",0813-5333-3387,https://scubagearindonesia.com/wp-content/uploads/2024/07/ds20b_2_ai6chy.jpg
BEUCHAT Marlin Sock 2 mm,Socks,566000,Scuba Gear Indonesia,"Jl.Bypass Ngurah Rai No.664, Pedungan, South Denpasar, Bali (2nd Floor).",0813-5333-3387,https://scubagearindonesia.com/wp-content/uploads/2024/07/fc5f78ad-453f-4ee4-957f-22e6ae2f8b13.jpg
BRICA B-Pro 5 Alpha Edition 4K Mark III S (AE3S) – Black,Camera,1399000,Scuba Gear Indonesia,"Jl.Bypass Ngurah Rai No.664, Pedungan, South Denpasar, Bali (2nd Floor).",0813-5333-3387,https://scubagearindonesia.com/wp-content/uploads/2022/09/a30efa4c-99da-4723-ae10-725909d4f602-1.jpg
Aquatec vortex fin,Fins,1188000,Dive Hub,"Jl. Bypass Ngurah Rai No.376, Sanur, Denpasar Selatan, Kota Denpasar, Bali 80228",0877-8899-0006,https://i0.wp.com/divehub.id/wp-content/uploads/2020/04/scubafinfn-6003-1487465995-thumbnail.resized.jpg?resize=300%2C300&ssl=1
Aropec Open Pocket Plastic Fin,Fins,1485000,Dive Hub,"Jl. Bypass Ngurah Rai No.376, Sanur, Denpasar Selatan, Kota Denpasar, Bali 80228",0877-8899-0006,https://i0.wp.com/divehub.id/wp-content/uploads/2020/04/F-L168B-BU.jpg?resize=300%2C300&ssl=1
Warwolf Jet Fin White,Fins,2475000,Dive Hub,"Jl. Bypass Ngurah Rai No.376, Sanur, Denpasar Selatan, Kota Denpasar, Bali 80228",0877-8899-0006,https://i0.wp.com/divehub.id/wp-content/uploads/2021/01/scuba_aquatec_-gosportfin_fn-580_4.jpg?resize=450%2C410&ssl=1
Aquatec mask 355N,Mask,475200,Dive Hub,"Jl. Bypass Ngurah Rai No.376, Sanur, Denpasar Selatan, Kota Denpasar, Bali 80228",0877-8899-0006,https://i0.wp.com/divehub.id/wp-content/uploads/2020/04/scubamaskmk-3551-1487468462-thumbnail.jpg?resize=300%2C300&ssl=1
Aropec mask M2CD04,Mask,376200,Dive Hub,"Jl. Bypass Ngurah Rai No.376, Sanur, Denpasar Selatan, Kota Denpasar, Bali 80228",0877-8899-0006,https://i0.wp.com/divehub.id/wp-content/uploads/2020/04/329995264_dbfde50f-d764-4898-9f77-c3b120e48dd1_1728_1728.jpg?resize=200%2C200&ssl=1
Aquatec Mask 500,Mask,425700,Dive Hub,"Jl. Bypass Ngurah Rai No.376, Sanur, Denpasar Selatan, Kota Denpasar, Bali 80228",0877-8899-0006,https://i0.wp.com/divehub.id/wp-content/uploads/2020/04/34020198_f23e3e80-93d6-4bee-ada5-165312124f35_800_800.jpg?resize=200%2C200&ssl=1
Rubber Snorkeling Fin Green,Fins,643500,Dive Hub,"Jl. Bypass Ngurah Rai No.376, Sanur, Denpasar Selatan, Kota Denpasar, Bali 80228",0877-8899-0006,https://i0.wp.com/divehub.id/wp-content/uploads/2020/03/F-JS802-GN.jpg?fit=300%2C300&ssl=1
Aqua-Lumen 3860,Others,1782000,Dive Hub,"Jl. Bypass Ngurah Rai No.376, Sanur, Denpasar Selatan, Kota Denpasar, Bali 80228",0877-8899-0006,https://i0.wp.com/divehub.id/wp-content/uploads/2020/04/divelightled-38601-1487154870-thumbnail.jpg?resize=300%2C300&ssl=1
Aquatec 5mm hard sole boot,Boots,782100,Dive Hub,"Jl. Bypass Ngurah Rai No.376, Sanur, Denpasar Selatan, Kota Denpasar, Bali 80228",0877-8899-0006,https://i0.wp.com/divehub.id/wp-content/uploads/2020/04/img1966-1550292452-thumbnail.jpg?fit=300%2C300&ssl=1
Aropec 5mm boot,Boots,683100,Dive Hub,"Jl. Bypass Ngurah Rai No.376, Sanur, Denpasar Selatan, Kota Denpasar, Bali 80228",0877-8899-0006,https://i0.wp.com/divehub.id/wp-content/uploads/2020/04/bt-50u3l-1497324341-thumbnail.jpg.png?fit=300%2C300&ssl=1
Speeds Snorkeling Set,Snorkel,287100,Dive Hub,"Jl. Bypass Ngurah Rai No.376, Sanur, Denpasar Selatan, Kota Denpasar, Bali 80228",0877-8899-0006,https://i0.wp.com/divehub.id/wp-content/uploads/2020/12/speeds_speeds_alat_selam_snorkling_p0610_full03_cutnkqtr.jpg?fit=800%2C800&ssl=1
Aropec Black Snorkel,Snorkel,198000,Dive Hub,"Jl. Bypass Ngurah Rai No.376, Sanur, Denpasar Selatan, Kota Denpasar, Bali 80228",0877-8899-0006,https://i0.wp.com/divehub.id/wp-content/uploads/2020/04/sc-1v-u137-tpr1-1497332764-thumbnail.jpg.png?resize=300%2C300&ssl=1
Aquatec Snorkel 400,Snorkel,257400,Dive Hub,"Jl. Bypass Ngurah Rai No.376, Sanur, Denpasar Selatan, Kota Denpasar, Bali 80228",0877-8899-0006,https://i0.wp.com/divehub.id/wp-content/uploads/2020/04/scubasnorklesn-4001-1487595359-thumbnail.jpg?resize=300%2C300&ssl=1
Weight belt w/ SS buckle,Others,198000,Dive Hub,"Jl. Bypass Ngurah Rai No.376, Sanur, Denpasar Selatan, Kota Denpasar, Bali 80228",0877-8899-0006,https://i0.wp.com/divehub.id/wp-content/uploads/2020/04/scubaweightbeltwb-2005-1497083276-thumbnail.jpg?resize=300%2C300&ssl=1
Aropec mask M2HF08,Mask,455400,Dive Hub,"Jl. Bypass Ngurah Rai No.376, Sanur, Denpasar Selatan, Kota Denpasar, Bali 80228",0877-8899-0006,https://i0.wp.com/divehub.id/wp-content/uploads/2020/04/M2-HF08-BK-BU.jpg?resize=300%2C300&ssl=1
UP1521QB Serene Adult Travel Set,Snorkel,1470000,Saranabahari,"Jalan Sekar Waru No.1, Sanur",0813-3795-0505,https://saranabahari.com/product/up1521qb-serene-adult-travel-set/
UP3521QB Visio Tri Ex Adult Travel Set,Snorkel,1640000,Saranabahari,"Jalan Sekar Waru No.1, Sanur",0813-3795-0505,https://saranabahari.com/product/up3521qb-visio-tri-ex-adult-travel-set/
UP0201 Mini Kleio Hyperdry Youth Travel Set,Snorkel,1160000,Saranabahari,"Jalan Sekar Waru No.1, Sanur",0813-3795-0505,https://saranabahari.com/product/up0201-mini-kleio-hyperdry-youth-travel-set/
UP0101 Platina Hyperdry Adult Travel Set,Snorkel,1310000,Saranabahari,"Jalan Sekar Waru No.1, Sanur",0813-3795-0505,https://saranabahari.com/product/up0101-platina-hyperdry-adult-travel-set/
UP2521B Powerview Dry Set,Snorkel,1640000,Saranabahari,"Jalan Sekar Waru No.1, Sanur",0813-3795-0505,https://saranabahari.com/product/up2521b-powerview-dry-set/
UC3125PQB Visio Tri-Ex Adult Combo,Snorkel,1030000,Saranabahari,"Jalan Sekar Waru No.1, Sanur",0813-3795-0505,https://saranabahari.com/product/uc3125pqb-visio-tri-ex-adult-combo/
UC1625PQB Serene Adult Combo,Snorkel,941000,Saranabahari,"Jalan Sekar Waru No.1, Sanur",0813-3795-0505,https://saranabahari.com/product/uc1625pqb-serene-adult-combo/
UC2112P Panthes,Snorkel,693000,Saranabahari,"Jalan Sekar Waru No.1, Sanur",0813-3795-0505,https://saranabahari.com/product/uc2112p-panthes/
UC0110 KLEIO ADULT COMBO,Snorkel,644000,Saranabahari,"Jalan Sekar Waru No.1, Sanur",0813-3795-0505,https://saranabahari.com/product/uc0110-kleio-adult-combo/
UC0106 X-PLORE ADULT COMBO,Snorkel,644000,Saranabahari,"Jalan Sekar Waru No.1, Sanur",0813-3795-0505,https://saranabahari.com/product/uc0106-x-plore-adult-combo/
UC2425P Powerview Adult Dry Combo,Snorkel,990000,Saranabahari,"Jalan Sekar Waru No.1, Sanur",0813-3795-0505,https://saranabahari.com/product/uc2425p-powerview-adult-dry-combo/
UC2425PMQB Powerview Adult Dry Combo Mirror,Snorkel,1310000,Saranabahari,"Jalan Sekar Waru No.1, Sanur",0813-3795-0505,https://saranabahari.com/product/uc2425pmqb-powerview-adult-dry-combo-mirror/
UC1625MQB Serene Adult Combo Mirror,Snorkel,1310000,Saranabahari,"Jalan Sekar Waru No.1, Sanur",0813-3795-0505,https://saranabahari.com/product/uc1625mqb-serene-adult-combo-mirror/
UC7519P Splendive Combo,Snorkel,974000,Saranabahari,"Jalan Sekar Waru No.1, Sanur",0813-3795-0505,https://saranabahari.com/product/uc7519p-splendive-combo/
UC5019P Liberator Combo,Snorkel,891000,Saranabahari,"Jalan Sekar Waru No.1, Sanur",0813-3795-0505,https://saranabahari.com/product/uc5019p-liberator-combo/
UC3325P Imprex 3-D Dry Combo,Snorkel,1060000,Saranabahari,"Jalan Sekar Waru No.1, Sanur",0813-3795-0505,https://saranabahari.com/product/uc3325p-imprex-3-d-dry-combo/
UC0211P KLEIO MINI FIT COMBO - Clear Blue (CB),Snorkel,858000,Saranabahari,"Jalan Sekar Waru No.1, Sanur",0813-3795-0505,https://saranabahari.com/product/uc0211p-kleio-mini-fit-combo/
UC2022P Mini-Kleio Dry Combo,Snorkel,957000,Saranabahari,"Jalan Sekar Waru No.1, Sanur",0813-3795-0505,https://saranabahari.com/product/uc2022p-mini-kleio-dry-combo/
BEUCHAT Snorkel Spy,Snorkel,698000,Scuba Gear Indonesia,"Jl.Bypass Ngurah Rai No.664, Pedungan, South Denpasar, Bali (2nd Floor).",0813-5333-3387,https://scubagearindonesia.com/wp-content/uploads/2022/11/WhatsApp-Image-2024-06-20-at-13.12.19_d20ce999.jpg
BEUCHAT Snorkel Aktiva Tubair,Snorkel,598000,Scuba Gear Indonesia,"Jl.Bypass Ngurah Rai No.664, Pedungan, South Denpasar, Bali (2nd Floor).",0813-5333-3387,https://scubagearindonesia.com/wp-content/uploads/2022/11/WhatsApp-Image-2024-06-20-at-12.41.08_6d228569.jpg
TUSA Fin Liberator X-Ten,Fins,908000,Scuba Gear Indonesia,"Jl.Bypass Ngurah Rai No.664, Pedungan, South Denpasar, Bali (2nd Floor).",0813-5333-3387,https://scubagearindonesia.com/wp-content/uploads/2022/09/imagefly-9.jpeg
TL-0001 Dive Light Wide,Aksesoris,1590000,Saranabahari,"Jalan Sekar Waru No.1, Sanur",0813-3795-0505,https://saranabahari.com/product/tl-0001-dive-light-wide/
TC-752 Knife Attachment,Aksesoris,330000,Saranabahari,"Jalan Sekar Waru No.1, Sanur",0813-3795-0505,https://saranabahari.com/product/tc-752-knife-attachment/
SV-4500-Y Adult Vest,Aksesoris,908000,Saranabahari,"Jalan Sekar Waru No.1, Sanur",0813-3795-0505,https://saranabahari.com/product/sv-4500-adult-vest/
SV-2500 Youth Vest,Aksesoris,908000,Saranabahari,"Jalan Sekar Waru No.1, Sanur",0813-3795-0505,https://saranabahari.com/product/sv-2500-youth-vest/
FK-940 Knife X-Pert II Titanium,Aksesoris,1800000,Saranabahari,"Jalan Sekar Waru No.1, Sanur",0813-3795-0505,https://saranabahari.com/product/fk-940-knife-x-pert-ii-titanium/
FK-920 Knife X-Pert II,Aksesoris,1240000,Saranabahari,"Jalan Sekar Waru No.1, Sanur",0813-3795-0505,https://saranabahari.com/product/fk-920-knife-x-pert-ii/
FK-910 Knife X-Pert II,Aksesoris,1240000,Saranabahari,"Jalan Sekar Waru No.1, Sanur",0813-3795-0505,https://saranabahari.com/product/fk-910-knife-x-pert-ii/
FK-210 Knife Imprex,Aksesoris,942000,Saranabahari,"Jalan Sekar Waru No.1, Sanur",0813-3795-0505,https://saranabahari.com/product/fk-210-imprex/
FK-11 Knife Imprex Mini,Aksesoris,908000,Saranabahari,"Jalan Sekar Waru No.1, Sanur",0813-3795-0505,https://saranabahari.com/product/fk-11-imprex-mini/
FK-10 Knife Imprex Mini,Aksesoris,908000,Saranabahari,"Jalan Sekar Waru No.1, Sanur",0813-3795-0505,https://saranabahari.com/product/fk-10-imprex-mini/